"ลำดับ","ชื่อสินค้า","ประเภท","จำนวน","Serial Number","หมายเหตุ","วันที่นำเข้า"
"1","Nature 7 Pro","free","1","","เพิ่มจำนวน","Fri Jun 26 2026 16:56:06 GMT+0700 (Indochina Time)"
"2","Motion Senseo Pro","free","1","","","Fri Jun 26 2026 16:55:26 GMT+0700 (Indochina Time)"
"3","General Controller","free","1","","เพิ่มจำนวน","Fri Jun 26 2026 16:54:41 GMT+0700 (Indochina Time)"
"4","DEFED Door/Window Sensor","free","1","","เพิ่มจำนวน","Fri Jun 26 2026 16:54:26 GMT+0700 (Indochina Time)"
"5","Camera Outdoor","free","11","","เพิ่มจำนวน","Fri Jun 26 2026 14:40:16 GMT+0700 (Indochina Time)"
"6","Camera Outdoor","free","11","","เพิ่มจำนวน","Fri Jun 26 2026 14:40:14 GMT+0700 (Indochina Time)"
"7","Indoor Camera","free","3","","เพิ่มจำนวน","Fri Jun 26 2026 14:39:56 GMT+0700 (Indochina Time)"
"8","Smart Station","free","2","","เพิ่มจำนวน","Fri Jun 26 2026 13:09:00 GMT+0700 (Indochina Time)"
"9","Smart Siren","free","1","","เพิ่มจำนวน","Fri Jun 26 2026 13:08:08 GMT+0700 (Indochina Time)"
"10","Smart Siren","free","1","","เพิ่มจำนวน","Fri Jun 26 2026 13:07:38 GMT+0700 (Indochina Time)"
"11","Camera Outdoor","free","1","","เพิ่มจำนวน","Fri Jun 26 2026 13:06:10 GMT+0700 (Indochina Time)"
"12","Camera Outdoor","free","1","","เพิ่มจำนวน","Fri Jun 26 2026 13:06:10 GMT+0700 (Indochina Time)"
"13","Camera Outdoor","free","1","","เพิ่มจำนวน","Fri Jun 26 2026 13:06:09 GMT+0700 (Indochina Time)"
"14","Tubular Motor (Single Phase)","free","2","","","Thu Jun 25 2026 14:20:55 GMT+0700 (Indochina Time)"
"15","CUBE Switch Module Pro 3 way","free","1","","เพิ่มจำนวน","Thu Jun 25 2026 13:36:28 GMT+0700 (Indochina Time)"
"16","CUBE Switch Module 1 way","free","1","","เพิ่มจำนวน","Thu Jun 25 2026 13:36:13 GMT+0700 (Indochina Time)"
"17","General Controller","free","1","","เพิ่มจำนวน","Thu Jun 25 2026 13:19:59 GMT+0700 (Indochina Time)"
"18","Starry 3G BL","free","1","","เพิ่มจำนวน","Thu Jun 25 2026 13:14:36 GMT+0700 (Indochina Time)"
"19","Polar switch(3 gang)","free","1","","เพิ่มจำนวน","Thu Jun 25 2026 13:06:35 GMT+0700 (Indochina Time)"
"20","Nature Switch (MATTE) (White AG Glass - White 2 way) : Nature Switch (MATTE) (White AG Glass - White 2 way)","free","2","","","Thu Jun 25 2026 12:55:43 GMT+0700 (Indochina Time)"
"21","Nature Switch (MATTE) (White AG Glass - White 2 way) : Nature Switch (MATTE) (White AG Glass - White 2 way)","free","1","","เพิ่มจำนวน","Thu Jun 25 2026 12:54:14 GMT+0700 (Indochina Time)"
"22","MoonStone 3G WH","free","1","","เพิ่มจำนวน","Thu Jun 25 2026 12:50:09 GMT+0700 (Indochina Time)"
"23","DEFED Door/Window Sensor","free","1","","เพิ่มจำนวน","Thu Jun 25 2026 12:47:10 GMT+0700 (Indochina Time)"
"24","MoonStone 1G WH","free","1","","เพิ่มจำนวน","Thu Jun 25 2026 12:27:45 GMT+0700 (Indochina Time)"
"25","Smoke Sensor ( Zigbee )","free","1","","เพิ่มจำนวน","Thu Jun 25 2026 12:24:09 GMT+0700 (Indochina Time)"
"26","Smart Siren","free","2","","เพิ่มจำนวน","Thu Jun 25 2026 12:19:44 GMT+0700 (Indochina Time)"
"27","Cube Door/Window Sensor (White color)","free","1","","เพิ่มจำนวน","Thu Jun 25 2026 11:45:22 GMT+0700 (Indochina Time)"
"28","Cube Door/Window Sensor (White color)","free","1","","เพิ่มจำนวน","Thu Jun 25 2026 11:12:08 GMT+0700 (Indochina Time)"
"29","Indoor Camera","free","1","","เพิ่มจำนวน","Thu Jun 25 2026 11:09:03 GMT+0700 (Indochina Time)"
"30","Indoor Camera","free","2","","เพิ่มจำนวน","Thu Jun 25 2026 11:00:54 GMT+0700 (Indochina Time)"
"31","Camera Outdoor","free","1","","เพิ่มจำนวน","Thu Jun 25 2026 11:00:27 GMT+0700 (Indochina Time)"
"32","Indoor Camera 1080P","free","1","","เพิ่มจำนวน","Thu Jun 25 2026 10:59:27 GMT+0700 (Indochina Time)"
"33","Cube Door/Window Sensor (White color)","free","2","","เพิ่มจำนวน","Thu Jun 25 2026 10:26:56 GMT+0700 (Indochina Time)"
"34","Camera Outdoor","free","1","","เพิ่มจำนวน","Thu Jun 25 2026 10:04:52 GMT+0700 (Indochina Time)"
"35","CUBE Switch Module 2 Way","free","1","","เพิ่มจำนวน","Thu Jun 25 2026 09:59:16 GMT+0700 (Indochina Time)"
"36","Dimmer & Motion Sensor Switch","free","1","","เพิ่มจำนวน","Wed Jun 24 2026 16:55:53 GMT+0700 (Indochina Time)"
"37","Light Strip Controller","free","1","","เพิ่มจำนวน","Wed Jun 24 2026 16:55:26 GMT+0700 (Indochina Time)"
"38","Indoor Camera","free","1","","เพิ่มจำนวน","Wed Jun 24 2026 11:32:31 GMT+0700 (Indochina Time)"
"39","Door bell Akuvok","free","1","","","Tue Jun 23 2026 15:47:41 GMT+0700 (Indochina Time)"
"40","Monitor video door phone Akuvok with Bluetooth-Wifi","free","1","","","Tue Jun 23 2026 15:43:26 GMT+0700 (Indochina Time)"
"41","Monitor video door phone Akuvok","free","1","","","Tue Jun 23 2026 15:42:49 GMT+0700 (Indochina Time)"
"42","Nature Switch (MATTE) (Black AG Glass - White 1 way) : Nature Switch (MATTE) (Black AG Glass - White 1 way)","free","2","","เพิ่มจำนวน","Tue Jun 23 2026 15:39:13 GMT+0700 (Indochina Time)"
"43","Nature Mini (Grey 1 Way)","free","1","","","Tue Jun 23 2026 15:37:24 GMT+0700 (Indochina Time)"
"44","Nature Mini (Grey 2 Way)","free","1","","เพิ่มจำนวน","Tue Jun 23 2026 15:36:49 GMT+0700 (Indochina Time)"
"45","Nature Mini (Grey 2 Way)","free","1","","","Tue Jun 23 2026 15:36:04 GMT+0700 (Indochina Time)"
"46","Nature Switch (Black Glass 2 way)","free","1","","เพิ่มจำนวน","Tue Jun 23 2026 15:35:27 GMT+0700 (Indochina Time)"
"47","Nature Switch (White Glass 1 way)","free","2","","เพิ่มจำนวน","Tue Jun 23 2026 15:34:15 GMT+0700 (Indochina Time)"
"48","BLEND Switch PRO (Gray 1 way)","free","1","","เพิ่มจำนวน","Tue Jun 23 2026 15:33:09 GMT+0700 (Indochina Time)"
"49","Nature Mini Pro 3G","free","3","","เพิ่มจำนวน","Tue Jun 23 2026 15:32:38 GMT+0700 (Indochina Time)"
"50","Nature Switch (Black Glass 2 way)","free","1","","","Tue Jun 23 2026 15:31:01 GMT+0700 (Indochina Time)"
"51","Nature Switch (White Glass 3 way)","free","2","","","Tue Jun 23 2026 15:30:30 GMT+0700 (Indochina Time)"
"52","Nature Switch (White Glass 1 way)","free","2","","","Tue Jun 23 2026 15:28:38 GMT+0700 (Indochina Time)"
"53","Nature Switch (MATTE) (Black AG Glass - White 1 way) : Nature Switch (MATTE) (Black AG Glass - White 1 way)","free","2","","","Tue Jun 23 2026 15:27:43 GMT+0700 (Indochina Time)"
"54","Nature Switch (Black Glass + Grey 1 Way)","free","11","","","Tue Jun 23 2026 15:27:10 GMT+0700 (Indochina Time)"
"55","General Controller","free","1","","เพิ่มจำนวน","Tue Jun 23 2026 15:26:23 GMT+0700 (Indochina Time)"
"56","MoonStone 1G WH","free","1","","เพิ่มจำนวน","Tue Jun 23 2026 15:26:04 GMT+0700 (Indochina Time)"
"57","MoonStone 2G WH","free","1","","เพิ่มจำนวน","Tue Jun 23 2026 15:25:51 GMT+0700 (Indochina Time)"
"58","MoonStone 1G BL","free","1","","เพิ่มจำนวน","Tue Jun 23 2026 15:25:37 GMT+0700 (Indochina Time)"
"59","MoonStone 2G BL","free","1","","เพิ่มจำนวน","Tue Jun 23 2026 15:25:21 GMT+0700 (Indochina Time)"
"60","Cube Clicker (White color)","free","1","","","Tue Jun 23 2026 15:24:00 GMT+0700 (Indochina Time)"
"61","Spot Mini","free","1","","เพิ่มจำนวน","Tue Jun 23 2026 15:23:14 GMT+0700 (Indochina Time)"
"62","Test1","free","1","","เพิ่มจำนวน","Tue Jun 23 2026 14:12:12 GMT+0700 (Indochina Time)"
"63","Smart Station","free","1","","เพิ่มจำนวน","Tue Jun 23 2026 13:26:20 GMT+0700 (Indochina Time)"
"64","Smart In-wall Plug (Zigbee Vietnam)","free","3","","","Tue Jun 23 2026 13:19:14 GMT+0700 (Indochina Time)"
"65","General Controller","free","1","","เพิ่มจำนวน","Tue Jun 23 2026 13:18:09 GMT+0700 (Indochina Time)"
"66","CUBE Switch Module 1 way","free","1","","เพิ่มจำนวน","Tue Jun 23 2026 13:17:43 GMT+0700 (Indochina Time)"
"67","Camera Outdoor","free","4","","เพิ่มจำนวน","Tue Jun 23 2026 13:17:06 GMT+0700 (Indochina Time)"
"68","Indoor Camera","free","2","","เพิ่มจำนวน","Tue Jun 23 2026 13:16:39 GMT+0700 (Indochina Time)"
"69","Gas Sensor","free","1","","","Tue Jun 23 2026 13:15:46 GMT+0700 (Indochina Time)"
"70","Human Presence Sensor (ZigBee)","free","1","","","Tue Jun 23 2026 13:15:05 GMT+0700 (Indochina Time)"
"71","Light Strip (2meters)","free","1","","","Tue Jun 23 2026 13:14:28 GMT+0700 (Indochina Time)"
"72","Light Strip Controller","free","6","","เพิ่มจำนวน","Tue Jun 23 2026 13:13:59 GMT+0700 (Indochina Time)"
"73","General Controller","free","8","","เพิ่มจำนวน","Tue Jun 23 2026 13:12:36 GMT+0700 (Indochina Time)"
"74","CUBE Switch Module 1 way","free","1","","เพิ่มจำนวน","Tue Jun 23 2026 13:12:02 GMT+0700 (Indochina Time)"
"75","CUBE Switch Module Pro 3 way","free","18","","","Tue Jun 23 2026 13:10:12 GMT+0700 (Indochina Time)"
"76","CUBE Switch Module 2 Way","free","8","","เพิ่มจำนวน","Tue Jun 23 2026 13:09:51 GMT+0700 (Indochina Time)"
"77","CUBE Switch Module 1 way","free","7","","เพิ่มจำนวน","Tue Jun 23 2026 13:08:52 GMT+0700 (Indochina Time)"
"78","Cube Door/Window Sensor (White color)","free","1","","เพิ่มจำนวน","Tue Jun 23 2026 13:06:52 GMT+0700 (Indochina Time)"
"79","Nature Mini Pro 3G","free","1","","เพิ่มจำนวน","Tue Jun 23 2026 13:04:48 GMT+0700 (Indochina Time)"
"80","Nature Mini L 3G","free","1","","เพิ่มจำนวน","Tue Jun 23 2026 11:00:05 GMT+0700 (Indochina Time)"
"81","Polar switch(3 gang)","free","3","","","Tue Jun 23 2026 10:59:31 GMT+0700 (Indochina Time)"
"82","Nature Switch (MATTE) (White AG Glass - White 3 way) : Nature Switch (MATTE) (White AG Glass - White 3 way)","free","1","","","Tue Jun 23 2026 10:58:38 GMT+0700 (Indochina Time)"
"83","Cube Motion Sensor (White color)","free","6","","เพิ่มจำนวน","Tue Jun 23 2026 10:57:02 GMT+0700 (Indochina Time)"
"84","Cube Door/Window Sensor (White color)","free","22","","เพิ่มจำนวน","Tue Jun 23 2026 10:55:52 GMT+0700 (Indochina Time)"
"85","Smart Station","free","42","","","Tue Jun 23 2026 10:53:08 GMT+0700 (Indochina Time)"
"86","Smart Station Zigbee","free","11","","","Tue Jun 23 2026 10:45:54 GMT+0700 (Indochina Time)"
"87","Test1","free","1","","","Tue Jun 23 2026 10:33:43 GMT+0700 (Indochina Time)"
"88","Test1","free","1","","","Tue Jun 23 2026 08:49:44 GMT+0700 (Indochina Time)"
"89","Smoke Sensor ( Zigbee )","free","1","","","Tue Jun 23 2026 08:46:49 GMT+0700 (Indochina Time)"
"90","General Controller","free","22","","","Mon Jun 22 2026 17:47:53 GMT+0700 (Indochina Time)"
"91","Light Strip Controller","free","11","","","Mon Jun 22 2026 17:46:53 GMT+0700 (Indochina Time)"
"92","Cube Motion Sensor (White color)","free","2","","","Mon Jun 22 2026 17:45:18 GMT+0700 (Indochina Time)"
"93","Motion Senser Pro","free","7","","","Mon Jun 22 2026 17:42:36 GMT+0700 (Indochina Time)"
"94","Smoke Sensor ( Zigbee )","free","1","","","Mon Jun 22 2026 17:41:32 GMT+0700 (Indochina Time)"
"95","DEFED Indoor Siren","free","2","","","Mon Jun 22 2026 17:40:54 GMT+0700 (Indochina Time)"
"96","Nature 7 Pro","free","2","","","Mon Jun 22 2026 17:39:59 GMT+0700 (Indochina Time)"
"97","Smart Siren","free","7","","","Mon Jun 22 2026 17:39:11 GMT+0700 (Indochina Time)"
"98","CUBE Switch Module, Pro 3 way","free","12","","","Mon Jun 22 2026 17:20:13 GMT+0700 (Indochina Time)"
"99","CUBE Switch Module 2 Way","free","9","","","Mon Jun 22 2026 17:19:41 GMT+0700 (Indochina Time)"
"100","CUBE Switch Module 1 way","free","20","","","Mon Jun 22 2026 17:18:23 GMT+0700 (Indochina Time)"
"101","Nature Dimmer (0-10V)(Gray Frame - Black AG Glass)","free","1","","","Mon Jun 22 2026 17:15:40 GMT+0700 (Indochina Time)"
"102","Cube Clicker (Wood grain)","free","1","","","Mon Jun 22 2026 17:15:11 GMT+0700 (Indochina Time)"
"103","Cube Door/Window Sensor (White color)","free","103","","","Mon Jun 22 2026 17:14:23 GMT+0700 (Indochina Time)"
"104","Universial remote Control (Spot) CoSS","free","1","","","Mon Jun 22 2026 17:08:44 GMT+0700 (Indochina Time)"
"105","Spot Mini","free","2","","","Mon Jun 22 2026 17:07:21 GMT+0700 (Indochina Time)"
"106","DEFED Door/Window Sensor","free","3","","","Mon Jun 22 2026 17:06:46 GMT+0700 (Indochina Time)"
"107","Dimmer & Motion Sensor Switch","free","11","","","Mon Jun 22 2026 17:06:14 GMT+0700 (Indochina Time)"
"108","Nature Switch (MATTE) (Black AG Glass - White 3 way) : Nature Switch (MATTE) (Black AG Glass - White 3 way)","free","1","","","Mon Jun 22 2026 17:02:41 GMT+0700 (Indochina Time)"
"109","Nature Switch (MATTE) (White AG Glass - White 2 way) : Nature Switch (MATTE) (White AG Glass - White 2 way)","free","1","","","Mon Jun 22 2026 17:02:02 GMT+0700 (Indochina Time)"
"110","Moonstone switch 1way (Black color)","free","1","","","Mon Jun 22 2026 17:01:33 GMT+0700 (Indochina Time)"
"111","Moonstone Switch 3 way (White Color","free","1","","","Mon Jun 22 2026 17:00:55 GMT+0700 (Indochina Time)"
"112","BLEND Switch PRO (White 2 way)","free","2","","","Mon Jun 22 2026 16:58:16 GMT+0700 (Indochina Time)"
"113","BLEND Switch PRO (White 1 way)","free","1","","","Mon Jun 22 2026 16:56:06 GMT+0700 (Indochina Time)"
"114","BLEND Switch PRO (White 3 way)","free","1","","","Mon Jun 22 2026 16:55:38 GMT+0700 (Indochina Time)"
"115","BLEND Switch PRO (Gray 1 way)","free","3","","","Mon Jun 22 2026 16:52:29 GMT+0700 (Indochina Time)"
"116","BLEND Switch PRO (Gray 3 way)","free","4","","","Mon Jun 22 2026 16:48:39 GMT+0700 (Indochina Time)"
"117","BLEND Switch PRO (Gray 2 way)","free","4","","","Mon Jun 22 2026 16:47:59 GMT+0700 (Indochina Time)"
"118","Nature Mini Pro 3G","free","3","","","Mon Jun 22 2026 16:46:51 GMT+0700 (Indochina Time)"
"119","Stellar Switch 3 way (Gold Color)","free","1","","","Mon Jun 22 2026 16:36:59 GMT+0700 (Indochina Time)"
"120","Starry 2G WH","free","4","","","Mon Jun 22 2026 16:35:27 GMT+0700 (Indochina Time)"
"121","Starry 3G WH","free","3","","","Mon Jun 22 2026 16:34:58 GMT+0700 (Indochina Time)"
"122","Starry 1G BL","free","3","","","Mon Jun 22 2026 16:34:00 GMT+0700 (Indochina Time)"
"123","Starry 3G BL","free","4","","","Mon Jun 22 2026 16:33:14 GMT+0700 (Indochina Time)"
"124","Starry 1G WH","free","1","","","Mon Jun 22 2026 16:32:47 GMT+0700 (Indochina Time)"
"125","Starry 2G BL","free","3","","","Mon Jun 22 2026 16:31:38 GMT+0700 (Indochina Time)"
"126","Smart Station Pro","free","5","","","Mon Jun 22 2026 16:09:12 GMT+0700 (Indochina Time)"
"127","Smart Station","free","31","","","Mon Jun 22 2026 16:08:11 GMT+0700 (Indochina Time)"
"128","DEFED Smart Station","free","3","","","Mon Jun 22 2026 16:04:12 GMT+0700 (Indochina Time)"
"129","Indoor Camera","free","14","","","Mon Jun 22 2026 16:01:33 GMT+0700 (Indochina Time)"
"130","Indoor Camera 1080P","free","7","","","Mon Jun 22 2026 15:55:40 GMT+0700 (Indochina Time)"
"131","Camera Outdoor","free","17","","","Mon Jun 22 2026 15:54:18 GMT+0700 (Indochina Time)"
"132","Zigbee 3G WH","free","8","","","Mon Jun 22 2026 15:51:11 GMT+0700 (Indochina Time)"
"133","Zigbee Door and window sensor","free","15","","","Mon Jun 22 2026 15:48:23 GMT+0700 (Indochina Time)"
"134","MoonStone2G WH","free","9","","","Mon Jun 22 2026 15:42:38 GMT+0700 (Indochina Time)"
"135","MoonStone 3G BL","service","1","A1YMEF5UXP7_nMVw_____w","","Mon Jun 22 2026 15:35:11 GMT+0700 (Indochina Time)"
"136","MoonStone 3G BL","service","1","A1YMENqKI_7_2nOM_____w","","Mon Jun 22 2026 15:35:11 GMT+0700 (Indochina Time)"
"137","MoonStone 3G BL","service","1","A1YMEMtOXP7_nMVw_____w","","Mon Jun 22 2026 15:35:11 GMT+0700 (Indochina Time)"
"138","MoonStone 3G BL","service","1","A1YMEIBOXP7_nMVw_____w","","Mon Jun 22 2026 15:35:11 GMT+0700 (Indochina Time)"
"139","Zigbee Door and window sensor","service","1","660005014","","Mon Jun 22 2026 15:34:28 GMT+0700 (Indochina Time)"
"140","Zigbee Door and window sensor","service","1","660005016","","Mon Jun 22 2026 15:34:28 GMT+0700 (Indochina Time)"
"141","Zigbee Door and window sensor","service","1","660005119","","Mon Jun 22 2026 15:34:27 GMT+0700 (Indochina Time)"
"142","Zigbee Door and window sensor","service","1","660005091","","Mon Jun 22 2026 15:34:27 GMT+0700 (Indochina Time)"
"143","Zigbee Door and window sensor","service","1","660005117","","Mon Jun 22 2026 15:34:27 GMT+0700 (Indochina Time)"
"144","Zigbee Door and window sensor","service","1","660005058","","Mon Jun 22 2026 15:34:26 GMT+0700 (Indochina Time)"
"145","Spot Mini","service","1","A-UAAGwzkQEAAAEKPAz__w","","Mon Jun 22 2026 15:33:25 GMT+0700 (Indochina Time)"
"146","Smart Station Zigbee","service","1","BC34002917A9","","Mon Jun 22 2026 15:32:15 GMT+0700 (Indochina Time)"
"147","Smart Station Zigbee","service","1","BC340029179F","","Mon Jun 22 2026 15:32:15 GMT+0700 (Indochina Time)"
"148","Blend curtain switch white","service","1","9263N07B93","","Mon Jun 22 2026 15:31:30 GMT+0700 (Indochina Time)"
"149","Cube Clicker (White color)","service","1","AzcMELh8kgEAABRJLAz__w","","Mon Jun 22 2026 15:30:47 GMT+0700 (Indochina Time)"
"150","Cube Clicker (White color)","service","1","AzcMEDT4gQEAAAVbOQz__w","","Mon Jun 22 2026 15:30:47 GMT+0700 (Indochina Time)"
"151","Cube Clicker (White color)","service","1","AzcMELh8kgEAABRMFQz__w","","Mon Jun 22 2026 15:30:46 GMT+0700 (Indochina Time)"
"152","Cube Clicker (White color)","service","1","AzcMELh8kgEAAA9LOAz__w","","Mon Jun 22 2026 15:30:46 GMT+0700 (Indochina Time)"
"153","Cube Clicker (White color)","service","1","AzcMELh8kgEAABRNJwz__w","","Mon Jun 22 2026 15:30:46 GMT+0700 (Indochina Time)"
"154","Cube Clicker (White color)","service","1","AzcMELh8kgEAAA9OPwz__w","","Mon Jun 22 2026 15:30:45 GMT+0700 (Indochina Time)"
"155","Cube Clicker (White color)","service","1","AzcMELh8kgEAABRKNQz__w","","Mon Jun 22 2026 15:30:45 GMT+0700 (Indochina Time)"
"156","General Controller","service","1","68000367","","Mon Jun 22 2026 15:29:45 GMT+0700 (Indochina Time)"
"157","General Controller","service","1","68000366","","Mon Jun 22 2026 15:29:44 GMT+0700 (Indochina Time)"
"158","General Controller","service","1","2004C8760864","","Mon Jun 22 2026 15:29:44 GMT+0700 (Indochina Time)"
"159","General Controller","service","1","68000361","","Mon Jun 22 2026 15:29:44 GMT+0700 (Indochina Time)"
"160","General Controller","service","1","68000363","","Mon Jun 22 2026 15:29:44 GMT+0700 (Indochina Time)"
"161","General Controller","service","1","68000359","","Mon Jun 22 2026 15:29:43 GMT+0700 (Indochina Time)"
"162","General Controller","service","1","68000345","","Mon Jun 22 2026 15:29:43 GMT+0700 (Indochina Time)"
"163","General Controller","service","1","68000365","","Mon Jun 22 2026 15:29:43 GMT+0700 (Indochina Time)"
"164","General Controller","service","1","68000364","","Mon Jun 22 2026 15:29:42 GMT+0700 (Indochina Time)"
"165","General Controller","service","1","68000368","","Mon Jun 22 2026 15:29:42 GMT+0700 (Indochina Time)"
"166","General Controller","service","1","68000362","","Mon Jun 22 2026 15:29:42 GMT+0700 (Indochina Time)"
"167","Motion Senser Pro","service","1","AxADEPADjQEAAApGFAz__w","","Mon Jun 22 2026 15:27:08 GMT+0700 (Indochina Time)"
"168","Motion Senser Pro","service","1","AxADEBwFjQEAAA0fJgz__w","","Mon Jun 22 2026 15:27:08 GMT+0700 (Indochina Time)"
"169","Motion Senser Pro","service","1","AxADEBwFjQEAAA0WJAz__w","","Mon Jun 22 2026 15:27:08 GMT+0700 (Indochina Time)"
"170","Motion Senser Pro","service","1","AxADEPBPkQEAABIbSQz__w","","Mon Jun 22 2026 15:27:07 GMT+0700 (Indochina Time)"
"171","Motion Senser Pro","service","1","AxADEBwFjQEAAAwHKQz__w","","Mon Jun 22 2026 15:27:07 GMT+0700 (Indochina Time)"
"172","Motion Senser Pro","service","1","AxADEPADjQEAAAoTFgz__w","","Mon Jun 22 2026 15:27:07 GMT+0700 (Indochina Time)"
"173","Motion Senser Pro","service","1","AxADEBwFjQEAAAw3Jwz__w","","Mon Jun 22 2026 15:27:06 GMT+0700 (Indochina Time)"
"174","Motion Senser Pro","service","1","AxADEBwFjQEAAAwRJgz__w","","Mon Jun 22 2026 15:27:06 GMT+0700 (Indochina Time)"
"175","Motion Senser Pro","service","1","AxADEBwFjQEAAA1EIwz__w","","Mon Jun 22 2026 15:27:06 GMT+0700 (Indochina Time)"
"176","Motion Senser Pro","service","1","AxADEBwFjQEAAA04JQz__w","","Mon Jun 22 2026 15:27:06 GMT+0700 (Indochina Time)"
"177","Motion Senser Pro","service","1","AxADEBwFjQEAAA05Hwz__w","","Mon Jun 22 2026 15:27:05 GMT+0700 (Indochina Time)"
"178","Motion Senser Pro","service","1","AxADEPADjQEAAAtREgz__w","","Mon Jun 22 2026 15:27:05 GMT+0700 (Indochina Time)"
"179","Polar Switch 1G","service","1","92135C00CF","","Mon Jun 22 2026 15:23:37 GMT+0700 (Indochina Time)"
"180","Polar Switch 1G","service","1","92135C00B9","","Mon Jun 22 2026 15:21:50 GMT+0700 (Indochina Time)"
"181","Polar Switch 1G","service","1","92135C0525","","Mon Jun 22 2026 15:21:50 GMT+0700 (Indochina Time)"
"182","Polar Switch 1G","service","1","92135C00B9","","Mon Jun 22 2026 15:20:36 GMT+0700 (Indochina Time)"
"183","Smoke Sensor ( Zigbee )","service","1","110116912407000027","","Mon Jun 22 2026 15:19:25 GMT+0700 (Indochina Time)"
"184","Smoke Sensor ( Zigbee )","service","1","110116912407000013","","Mon Jun 22 2026 15:19:25 GMT+0700 (Indochina Time)"
"185","Smoke Sensor ( Zigbee )","service","1","110116912407000011","","Mon Jun 22 2026 15:19:24 GMT+0700 (Indochina Time)"
"186","Smoke Sensor ( Zigbee )","service","1","110116912407000016","","Mon Jun 22 2026 15:19:24 GMT+0700 (Indochina Time)"
"187","Smoke Sensor ( Zigbee )","service","1","110116912407000017","","Mon Jun 22 2026 15:19:24 GMT+0700 (Indochina Time)"
"188","Smoke Sensor ( Zigbee )","service","1","110116912407000019","","Mon Jun 22 2026 15:19:23 GMT+0700 (Indochina Time)"
"189","Smoke Sensor ( Zigbee )","service","1","110116912407000076","","Mon Jun 22 2026 15:19:23 GMT+0700 (Indochina Time)"
"190","Smoke Sensor ( Zigbee )","service","1","110116912407000058","","Mon Jun 22 2026 15:19:23 GMT+0700 (Indochina Time)"
"191","DEFED Smart Station","service","1","BC34002802F8","","Mon Jun 22 2026 15:17:32 GMT+0700 (Indochina Time)"
"192","DEFED Smart Station","service","1","660009255","","Mon Jun 22 2026 15:17:32 GMT+0700 (Indochina Time)"
"193","MoonStone 3G WH","free","5","","","Mon Jun 22 2026 15:14:17 GMT+0700 (Indochina Time)"
"194","MoonStone 2G WH","free","3","","","Mon Jun 22 2026 15:13:38 GMT+0700 (Indochina Time)"
"195","MoonStone 1G WH","free","1","","","Mon Jun 22 2026 15:13:11 GMT+0700 (Indochina Time)"
"196","MoonStone 2G BL","free","11","","","Mon Jun 22 2026 15:12:27 GMT+0700 (Indochina Time)"
"197","MoonStone 1G BL","free","4","","","Mon Jun 22 2026 15:11:11 GMT+0700 (Indochina Time)"
"198","Nature Mini L 3G","free","1","","","Mon Jun 22 2026 15:09:18 GMT+0700 (Indochina Time)"
"199","Zigbee 2G BL","free","2","","","Mon Jun 22 2026 15:07:11 GMT+0700 (Indochina Time)"
"200","Zigbee 1G WH","free","12","","","Mon Jun 22 2026 15:05:54 GMT+0700 (Indochina Time)"
"201","Zigbee 2G WH","free","19","","","Mon Jun 22 2026 15:05:20 GMT+0700 (Indochina Time)"
"202","Zigbee 2G WH","free","12","","","Mon Jun 22 2026 15:04:23 GMT+0700 (Indochina Time)"
"203","Zigbee 3G WH","free","18","","","Mon Jun 22 2026 15:03:39 GMT+0700 (Indochina Time)"
"204","MoonStone 3G BL","free","30","","","Mon Jun 22 2026 14:59:25 GMT+0700 (Indochina Time)"
"205","MoonStone 3G BL","free","30","","","Mon Jun 22 2026 14:58:46 GMT+0700 (Indochina Time)"
"206","MoonStone 3G","free","30","","","Mon Jun 22 2026 14:41:44 GMT+0700 (Indochina Time)"